file,begin,end,speaker,overall_log_likelihood,speech_log_likelihood,phone_duration_deviation,snr
2022.acl-long.590,0.0,577.2373125,2022.acl-long.590,-48.96432159933477,-49.90171082289376,16.77238425798694,3.086570504598333
2022.acl-long.268,0.0,737.44,2022.acl-long.268,-56.509804187459316,-57.226151105218165,11.909369425541842,9.696775516944587
2022.acl-long.367,0.0,695.0196875,2022.acl-long.367,-48.003158182498346,-50.463446722108785,11.179480754586498,8.344645262318835
2022.acl-long.117,0.0,729.0136875,2022.acl-long.117,-54.784389103030136,-56.344627922634004,9.438668327475755,16.882212400969472
2022.acl-long.110,0.0,703.007375,2022.acl-long.110,-50.52391146640873,-52.332506946298366,5.526352368130017,14.190158718560777
