sessions	gen_p50_ms	gen_p95_ms	stride_seconds	p95_stride_ratio
8	482	805	1.92	0.419271
16	420	826	1.92	0.430208
24	471	894	1.92	0.465625
32	519	820	1.92	0.427083
